category_id,avg_views,total_videos
10,4822860.799236641,5240
29,3462796.5208333335,48
1,2396741.6680161944,1976
17,1869420.389398573,1962
20,1847253.3398576512,562
24,1846954.475147232,8490
23,1397144.1904283802,2988
2,1359279.0842105264,380
22,1268822.4975795296,2892
28,1039741.9729981378,2148
26,865129.7862658578,3626
19,857260.2884097035,371
43,717183.7297297297,37
15,641574.52200489,818
27,639071.3457446808,1504
25,448321.15449313854,2259
